﻿Country,Name,Market,Market-Name,order
CU,Cuba,Caribbean,Caribbean - Cuba,55
DO,Dominician Republic,Caribbean,Caribbean - Dominician Republic,60
JM,Jamaica,Caribbean,Caribbean - Jamaica,65
PR,Puerto Rico,Caribbean,Caribbean - Puerto Rico,70
TT,Trinidad and Tobago,Caribbean,Caribbean - Trinidad and Tobago,75
AZ,Azerbaijan,Caucasia,Caucasia - Azerbaijan,80
GE,Georgia,Caucasia,Caucasia - Georgia,85
CR,Cost Rica,Central America,Central America - Cost Rica,90
GT,Guatemala,Central America,Central America - Guatemala,95
HN,Honduras,Central America,Central America - Honduras,100
NI,Nicaragua,Central America,Central America - Nicaragua,105
PA,Panama,Central America,Central America - Panama,110
SV,EL Salvador,Central America,Central America - EL Salvador,115
CPPL,Cereal Partners Poland,CP PL,CP PL - Cereal Partners Poland,120
CPUK,Cereal Partners United Kingdom,CP UK,CP UK - Cereal Partners United Kingdom,125
CZ,Czech  Republic ,Czech-Slovak Republic,Czech-Slovak Republic - Czech  Republic ,130
SK,Slovak Republic ,Czech-Slovak Republic,Czech-Slovak Republic - Slovak Republic ,135
EG,Egypt-Horn of Africa,Egypt-Horn of Africa,Egypt-Horn of Africa - Egypt-Horn of Africa,140
ET,Ethopia,Egypt-Horn of Africa,Egypt-Horn of Africa - Ethopia,145
SD,Sudan,Egypt-Horn of Africa,Egypt-Horn of Africa - Sudan,150
SO,Somalia,Egypt-Horn of Africa,Egypt-Horn of Africa - Somalia,155
AO,Angola,Equatorial Africa,Equatorial Africa - Angola,160
BI,Burundi,Equatorial Africa,Equatorial Africa - Burundi,165
CD,The Democratic Republic of the Congo ,Equatorial Africa,Equatorial Africa - The Democratic Republic of the Congo ,170
CG,Congo,Equatorial Africa,Equatorial Africa - Congo,175
KE,Kenya,Equatorial Africa,Equatorial Africa - Kenya,180
MG,Madagascar,Equatorial Africa,Equatorial Africa - Madagascar,185
MU,Mauritius,Equatorial Africa,Equatorial Africa - Mauritius,190
MW,Malawi,Equatorial Africa,Equatorial Africa - Malawi,195
MZ,Mozambique,Equatorial Africa,Equatorial Africa - Mozambique,200
RW,Rwanda,Equatorial Africa,Equatorial Africa - Rwanda,205
TZ,Tanzania,Equatorial Africa,Equatorial Africa - Tanzania,210
UG,Uganda,Equatorial Africa,Equatorial Africa - Uganda,215
ZM,Zambia,Equatorial Africa,Equatorial Africa - Zambia,220
ZW,Zimbabwe,Equatorial Africa,Equatorial Africa - Zimbabwe,225
AT,Austria,Germany-Austria,Germany-Austria - Austria,255
DE,Germany,Germany-Austria,Germany-Austria - Germany,260
HK,Hong Kong,Greater China,Greater China - Hong Kong,270
MN,Mongolia  ,Greater China,Greater China - Mongolia  ,275
MO,Macao,Greater China,Greater China - Macao,280
TW,Taiwan,Greater China,Greater China - Taiwan,285
BG,Bulgaria,Greece-Bulgaria,Greece-Bulgaria - Bulgaria,290
GR,Greece,Greece-Bulgaria,Greece-Bulgaria - Greece,295
BA,Bosnia and Herzegovina,HR-BA-MK-YU,HR-BA-MK-YU - Bosnia and Herzegovina,305
HR,Croatia,HR-BA-MK-YU,HR-BA-MK-YU - Croatia,310
MK,Macedonia,HR-BA-MK-YU,HR-BA-MK-YU - Macedonia,315
SI,Slovenia,HR-BA-MK-YU,HR-BA-MK-YU - Slovenia,320
YU,Yugoslavia,HR-BA-MK-YU,HR-BA-MK-YU - Yugoslavia,325
HU,Hungary,Hungary,Hungary - Hungary,330
KH,Cambodia,Indochina,Indochina - Cambodia,335
LA,Laos,Indochina,Indochina - Laos,340
TH,Thailand,Indochina,Indochina - Thailand,345
VN,Vietnam,Indochina,Indochina - Vietnam,350
ID,Indonesia,Indonesia,Indonesia - Indonesia,355
IL,Israel,Israel,Israel - Israel,360
IT,Italy,Italy,Italy - Italy,365
MT,Malta,Italy,Italy - Malta,370
JP,Japan,Japan,Japan - Japan,375
KR,Korea,Korea,Korea - Korea,380
DZ,Algeria,Maghreb,Maghreb - Algeria,385
MA,Morocco,Maghreb,Maghreb - Morocco,390
MR,Mauritania,Maghreb,Maghreb - Mauritania,395
TN,Tunisia,Maghreb,Maghreb - Tunisia,400
BN,Brunei Darussalam,Malaysia-Singapore,Malaysia-Singapore - Brunei Darussalam,405
MY,Malaysia,Malaysia-Singapore,Malaysia-Singapore - Malaysia,410
SG,Singapore,Malaysia-Singapore,Malaysia-Singapore - Singapore,415
MX,Mexico,Mexico,Mexico - Mexico,420
AE,United Arab Emirates,Middle East,Middle East - United Arab Emirates,425
BH,Bahrain,Middle East,Middle East - Bahrain,430
IQ,Iraq,Middle East,Middle East - Iraq,435
IR,Iran,Middle East,Middle East - Iran,440
JO,Jordon,Middle East,Middle East - Jordon,445
KW,Kuwait,Middle East,Middle East - Kuwait,450
LB,Lebanon,Middle East,Middle East - Lebanon,455
OM,Oman,Middle East,Middle East - Oman,460
PS,Palestine,Middle East,Middle East - Palestine,465
QA,Qatar,Middle East,Middle East - Qatar,470
SA,Saudi Arabia,Middle East,Middle East - Saudi Arabia,475
SY,Syria,Middle East,Middle East - Syria,480
YE,Yemen,Middle East,Middle East - Yemen,485
NL,Netherlands,Netherlands,Netherlands - Netherlands,490
DK,Denmark,Nordic,Nordic - Denmark,495
FI,Finland,Nordic,Nordic - Finland,500
NO,Norway,Nordic,Nordic - Norway,505
SE,Sweden,Nordic,Nordic - Sweden,510
FJ,Fiji,Oceania,Oceania - Fiji,530
NC,New Caledonia,Oceania,Oceania - New Caledonia,535
NZ,New Zealand,Oceania,Oceania - New Zealand,540
PF,Polynesia(French),Oceania,Oceania - Polynesia(French),545
PG,Papua New Guinea,Oceania,Oceania - Papua New Guinea,550
SC,Seychelles,Oceania,Oceania - Seychelles,555
TO,Tongo,Oceania,Oceania - Tongo,560
WS,Samoa,Oceania,Oceania - Samoa,565
AF,Afghanistan,Pakistan,Pakistan - Afghanistan,570
PK,Pakistan,Pakistan,Pakistan - Pakistan,575
PH,Philippines,Philippines,Philippines - Philippines,580
AR,Argentina,Plata,Plata - Argentina,585
PY,Paraguay,Plata,Plata - Paraguay,590
UY,Uruguay,Plata,Plata - Uruguay,595
EE,Estonia,Poland-Baltics,Poland-Baltics - Estonia,600
LT,Lithuania,Poland-Baltics,Poland-Baltics - Lithuania,605
LV,Latvia,Poland-Baltics,Poland-Baltics - Latvia,610
PL,Poland,Poland-Baltics,Poland-Baltics - Poland,615
RO,Romania,Romania,Romania - Romania,635
BY,Belarus,Russia,Russia - Belarus,640
KZ,Kazakastan,Russia,Russia - Kazakastan,645
UZ,Uzbekistan,Russia,Russia - Uzbekistan,655
BD,Bangladesh,South Asia,South Asia - Bangladesh,660
BT,Bhutan,South Asia,South Asia - Bhutan,665
IN,India,South Asia,South Asia - India,670
LK,Sri Lanka,South Asia,South Asia - Sri Lanka,675
MV,Maldives,South Asia,South Asia - Maldives,680
NP,Nepal,South Asia,South Asia - Nepal,685
BW,Botswana,South Eastern Africa,South Eastern Africa - Botswana,690
LS,Lesotho,South Eastern Africa,South Eastern Africa - Lesotho,695
NA,Namibia,South Eastern Africa,South Eastern Africa - Namibia,700
RE,Reunion,South Eastern Africa,South Eastern Africa - Reunion,705
SZ,Swaziland,South Eastern Africa,South Eastern Africa - Swaziland,710
ZA,South Africa,South Eastern Africa,South Eastern Africa - South Africa,715
ES,Spain,Spain-Portugal,Spain-Portugal - Spain,720
PT,Portugal,Spain-Portugal,Spain-Portugal - Portugal,725
LI,Liechtenstein,Switzerland,Switzerland - Liechtenstein,735
KG,Kyrgyzstan,Turkey-Central Asia,Turkey-Central Asia - Kyrgyzstan,740
TM,Turkmenistan,Turkey-Central Asia,Turkey-Central Asia - Turkmenistan,745
TR,Turkey,Turkey-Central Asia,Turkey-Central Asia - Turkey,750
IE,Ireland,UK-Ireland,UK-Ireland - Ireland,755
MD,Moldova,Ukraine,Ukraine - Moldova,765
UA,Ukraine,Ukraine,Ukraine - Ukraine,770
BF,Burkina Faso,West and Central Africa,West and Central Africa - Burkina Faso,790
BJ,Benin,West and Central Africa,West and Central Africa - Benin,795
CF,Central African Republic,West and Central Africa,West and Central Africa - Central African Republic,800
CI,Ivory Coast,West and Central Africa,West and Central Africa - Ivory Coast,805
CM,Cameroon,West and Central Africa,West and Central Africa - Cameroon,810
CV,Cape Verde,West and Central Africa,West and Central Africa - Cape Verde,815
GA,Gabon,West and Central Africa,West and Central Africa - Gabon,820
GH,Ghana,West and Central Africa,West and Central Africa - Ghana,825
GM,Gambia,West and Central Africa,West and Central Africa - Gambia,830
GN,Guinea,West and Central Africa,West and Central Africa - Guinea,835
LR,Liberia,West and Central Africa,West and Central Africa - Liberia,840
ML,Mali,West and Central Africa,West and Central Africa - Mali,845
NE,Niger,West and Central Africa,West and Central Africa - Niger,850
NG,Nigeria,West and Central Africa,West and Central Africa - Nigeria,855
SL,Sierra Leone,West and Central Africa,West and Central Africa - Sierra Leone,860
SN,Senegal,West and Central Africa,West and Central Africa - Senegal,865
TD,Chad,West and Central Africa,West and Central Africa - Chad,870
TG,Togo,West and Central Africa,West and Central Africa - Togo,875
